Workbook

Sheet 진행방법
B1: 사용자 평가 진행 방법 — 전체 설계는 docs/user-study.md
A3: 1 | B3: 준비: 서버 켜기 / 과제 영상 6개가 보관함에 있는지 확인 / 스톱워치 / 이전 참가자 검색기록 지우기
A5: 2 | B5: [안내] 그대로 읽으세요. 진행자가 더 잘 설명해주면 그 참가자만 빨라집니다.
B6: "요리 쇼츠에서 특정 장면을 찾는 과제를 6개 드립니다. 앞 3개와 뒤 3개는 찾는 방법이 다릅니다."
B7: "시간을 재지만 빨리 하는 게 목표가 아닙니다. 평소 하시던 대로 하세요."
B8: "한 과제에 3분이 넘으면 제가 중단시킵니다. 참가자분 잘못이 아니라 저희 시스템을 평가하는 것입니다."
B9: "중간에 그만두고 싶으시면 언제든 말씀하세요."
A11: 3 | B11: [A 조건 = 직접 찾기] "이 영상입니다. 유튜브에서 직접 원하는 장면을 찾아 그 시점으로 이동해 주세요."
B12: [B 조건 = 우리 시스템] "이 검색창에 찾고 싶은 것을 평소 말하듯 입력하세요. 어떻게 입력할지는 알려드리지 않겠습니다."
A14: 4 | B14: 과제마다: 목표 읽기 → "시작하겠습니다" 와 동시에 스톱워치 → 참가자가 "찾았어요" 하면 멈추고 도달 시점 기록
B15: 3분(180초)이 되면 "여기까지 하겠습니다" 하고 포기=예 로 기록
A17: 5 | B17: 절대 하지 말 것
B18: · 검색어 힌트 주기 ("'간장'이라고 쳐보세요")
B19: · 성공/실패 알려주기 · "거의 다 왔어요" 같은 반응 · 헤맬 때 거들기
A21: 6 | B21: 끝나고(선택): "쓰시면서 불편했던 점 한 가지만 말씀해 주세요" — 한 줄만 받아 적고 점수화하지 않습니다
B23: ※ 성공 판정은 [기록] 탭이 수식으로 합니다. 도달 시점만 적으면 됩니다.
B24: ※ 판정 기준: 정답시작 - 5초 ~ 정답시작 + 2초 (평가 스크립트와 같은 자)

Sheet 과제
A1: 세트 | B1: 과제 | C1: video_id | D1: 영상 제목 | E1: 유형 | F1: 참가자에게 읽어줄 목표 | G1: 정답시작 | H1: 정답끝 | I1: 성공 인정 범위
A2: 1 | B2: T1 | C2: 4due-wU9NFk | D2: 삼겹살에 된장 넣었더니…🔥 밥도둑이 됐어요! | E2: 재료·분량 | F2: 이 영상에서 물을 얼마나 넣는지 알려주는 장면으로 이동하세요. | G2: 35 | H2: 41 | I2: 30.0 ~ 37.0 초
A3: 1 | B3: T2 | C3: OgR00HBMKFs | D3: 와이프 친구들이 먹고 제발 팔아달라는 김치찜! | E3: 순서·타이밍 | F3: 두부를 조리하는 장면으로 이동하세요. | G3: 22 | H3: 33 | I3: 17.0 ~ 24.0 초
A4: 1 | B4: T3 | C4: Zlo2JQzihwc | D4: 성시경이 감탄한 1등 레시피 미친 조합! #성시경 #라면레시피 #쇼츠 | E4: 시각적 상태 | F4: 익힌 면을 건져 넣는 장면으로 이동하세요. | G4: 39.1 | H4: 43 | I4: 34.1 ~ 41.1 초
A5: 2 | B5: T4 | C5: Z7z0wW62obE | D5: 일본 남자들의 소울푸드 | E5: 재료·분량 | F5: 고기를 얼마나 쓰는지 알려주는 장면으로 이동하세요. | G5: 15 | H5: 18 | I5: 10.0 ~ 17.0 초
A6: 2 | B6: T5 | C6: iDMyw61V1XM | D6: 지코바는 사 먹지 마세요! | E6: 순서·타이밍 | F6: 떡을 넣는 순간으로 이동하세요. | G6: 31 | H6: 34 | I6: 26.0 ~ 33.0 초
A7: 2 | B7: T6 | C7: rfkc9X4BItc | D7: 입맛 없을 때 무조건 해보세요! 오징어 초무침 황금 레시피 #간단요리 #반찬만들기 #오징어 | E7: 시각적 상태 | F7: 무를 어느 정도 크기로 써는지 보이는 장면으로 이동하세요. | G7: 22 | H7: 24 | I7: 17.0 ~ 24.0 초
A9: ⚠ 이 탭은 진행자만 봅니다. 참가자에게 보여주지 마세요.
A10: 정답 구간은 eval/labels_merged.csv 에서 가져왔습니다 — 자동 평가와 같은 기준입니다.

Sheet 기록
A1: 참가자 | B1: 순서 | C1: 조건 | D1: 세트 | E1: 과제 | F1: 유형 | G1: 영상 제목 | H1: 첫 질의문 | I1: 도달시점(초) | J1: 소요시간(초) | K1: 시도횟수 | L1: 포기 | M1: 성공 | N1: 메모
A2: P01 | B2: 1 | C2: A 직접찾기 | D2: 1 | E2: T1 | F2: 재료·분량 | G2: =VLOOKUP(E2,과제!$B:$D,3,FALSE) | M2: =IF(L2="예","X",IF(I2="","",IF(AND(I2>=VLOOKUP(E2,과제!$B:$G,6,FALSE)-5.0,I2<=VLOOKUP(E2,과제!$B:$G,6,FALSE)+2.0),"O","X")))
A3: P01 | B3: 2 | C3: A 직접찾기 | D3: 1 | E3: T2 | F3: 순서·타이밍 | G3: =VLOOKUP(E3,과제!$B:$D,3,FALSE) | M3: =IF(L3="예","X",IF(I3="","",IF(AND(I3>=VLOOKUP(E3,과제!$B:$G,6,FALSE)-5.0,I3<=VLOOKUP(E3,과제!$B:$G,6,FALSE)+2.0),"O","X")))
A4: P01 | B4: 3 | C4: A 직접찾기 | D4: 1 | E4: T3 | F4: 시각적 상태 | G4: =VLOOKUP(E4,과제!$B:$D,3,FALSE) | M4: =IF(L4="예","X",IF(I4="","",IF(AND(I4>=VLOOKUP(E4,과제!$B:$G,6,FALSE)-5.0,I4<=VLOOKUP(E4,과제!$B:$G,6,FALSE)+2.0),"O","X")))
A5: P01 | B5: 4 | C5: B 시스템 | D5: 2 | E5: T4 | F5: 재료·분량 | G5: =VLOOKUP(E5,과제!$B:$D,3,FALSE) | M5: =IF(L5="예","X",IF(I5="","",IF(AND(I5>=VLOOKUP(E5,과제!$B:$G,6,FALSE)-5.0,I5<=VLOOKUP(E5,과제!$B:$G,6,FALSE)+2.0),"O","X")))
A6: P01 | B6: 5 | C6: B 시스템 | D6: 2 | E6: T5 | F6: 순서·타이밍 | G6: =VLOOKUP(E6,과제!$B:$D,3,FALSE) | M6: =IF(L6="예","X",IF(I6="","",IF(AND(I6>=VLOOKUP(E6,과제!$B:$G,6,FALSE)-5.0,I6<=VLOOKUP(E6,과제!$B:$G,6,FALSE)+2.0),"O","X")))
A7: P01 | B7: 6 | C7: B 시스템 | D7: 2 | E7: T6 | F7: 시각적 상태 | G7: =VLOOKUP(E7,과제!$B:$D,3,FALSE) | M7: =IF(L7="예","X",IF(I7="","",IF(AND(I7>=VLOOKUP(E7,과제!$B:$G,6,FALSE)-5.0,I7<=VLOOKUP(E7,과제!$B:$G,6,FALSE)+2.0),"O","X")))
A8: P02 | B8: 1 | C8: B 시스템 | D8: 1 | E8: T1 | F8: 재료·분량 | G8: =VLOOKUP(E8,과제!$B:$D,3,FALSE) | M8: =IF(L8="예","X",IF(I8="","",IF(AND(I8>=VLOOKUP(E8,과제!$B:$G,6,FALSE)-5.0,I8<=VLOOKUP(E8,과제!$B:$G,6,FALSE)+2.0),"O","X")))
A9: P02 | B9: 2 | C9: B 시스템 | D9: 1 | E9: T2 | F9: 순서·타이밍 | G9: =VLOOKUP(E9,과제!$B:$D,3,FALSE) | M9: =IF(L9="예","X",IF(I9="","",IF(AND(I9>=VLOOKUP(E9,과제!$B:$G,6,FALSE)-5.0,I9<=VLOOKUP(E9,과제!$B:$G,6,FALSE)+2.0),"O","X")))
A10: P02 | B10: 3 | C10: B 시스템 | D10: 1 | E10: T3 | F10: 시각적 상태 | G10: =VLOOKUP(E10,과제!$B:$D,3,FALSE) | M10: =IF(L10="예","X",IF(I10="","",IF(AND(I10>=VLOOKUP(E10,과제!$B:$G,6,FALSE)-5.0,I10<=VLOOKUP(E10,과제!$B:$G,6,FALSE)+2.0),"O","X")))
A11: P02 | B11: 4 | C11: A 직접찾기 | D11: 2 | E11: T4 | F11: 재료·분량 | G11: =VLOOKUP(E11,과제!$B:$D,3,FALSE) | M11: =IF(L11="예","X",IF(I11="","",IF(AND(I11>=VLOOKUP(E11,과제!$B:$G,6,FALSE)-5.0,I11<=VLOOKUP(E11,과제!$B:$G,6,FALSE)+2.0),"O","X")))
A12: P02 | B12: 5 | C12: A 직접찾기 | D12: 2 | E12: T5 | F12: 순서·타이밍 | G12: =VLOOKUP(E12,과제!$B:$D,3,FALSE) | M12: =IF(L12="예","X",IF(I12="","",IF(AND(I12>=VLOOKUP(E12,과제!$B:$G,6,FALSE)-5.0,I12<=VLOOKUP(E12,과제!$B:$G,6,FALSE)+2.0),"O","X")))
A13: P02 | B13: 6 | C13: A 직접찾기 | D13: 2 | E13: T6 | F13: 시각적 상태 | G13: =VLOOKUP(E13,과제!$B:$D,3,FALSE) | M13: =IF(L13="예","X",IF(I13="","",IF(AND(I13>=VLOOKUP(E13,과제!$B:$G,6,FALSE)-5.0,I13<=VLOOKUP(E13,과제!$B:$G,6,FALSE)+2.0),"O","X")))
... A61: P10 | B61: 6 | C61: A 직접찾기 | D61: 2 | E61: T6 | F61: 시각적 상태 | G61: =VLOOKUP(E61,과제!$B:$D,3,FALSE) | M61: =IF(L61="예","X",IF(I61="","",IF(AND(I61>=VLOOKUP(E61,과제!$B:$G,6,FALSE)-5.0,I61<=VLOOKUP(E61,과제!$B:$G,6,FALSE)+2.0),"O","X")))
A63: 회색 칸(영상 제목·성공)은 수식입니다. 건드리지 마세요.
A64: 적을 것: 첫 질의문(B조건만) · 도달시점 · 소요시간 · 시도횟수 · 포기 · 메모
A65: 3분(180초)을 넘기면 포기=예 로 적고 소요시간은 180 로 둡니다.
A66: A 조건에서는 첫 질의문을 비워 둡니다(검색을 안 쓰므로).

Sheet 집계
A1: 조건별 — 주지표
A2: 조건 | B2: 과제 수 | C2: 성공 | D2: 성공률 | E2: 성공 과제 평균 시간(초) | F2: 평균 시도횟수
A3: A 직접찾기 | B3: =COUNTIF(기록!$C$2:$C$61,A3) | C3: =COUNTIFS(기록!$C$2:$C$61,A3,기록!$M$2:$M$61,"O") | D3: =IF(B3=0,"",C3/B3) | E3: =IFERROR(AVERAGEIFS(기록!$J$2:$J$61,기록!$C$2:$C$61,A3,기록!$M$2:$M$61,"O"),"") | F3: =IFERROR(AVERAGEIFS(기록!$K$2:$K$61,기록!$C$2:$C$61,A3),"")
A4: B 시스템 | B4: =COUNTIF(기록!$C$2:$C$61,A4) | C4: =COUNTIFS(기록!$C$2:$C$61,A4,기록!$M$2:$M$61,"O") | D4: =IF(B4=0,"",C4/B4) | E4: =IFERROR(AVERAGEIFS(기록!$J$2:$J$61,기록!$C$2:$C$61,A4,기록!$M$2:$M$61,"O"),"") | F4: =IFERROR(AVERAGEIFS(기록!$K$2:$K$61,기록!$C$2:$C$61,A4),"")
A6: 유형별
A7: 유형 | B7: A 성공률 | C7: B 성공률 | D7: A 평균시간 | E7: B 평균시간
A8: 재료·분량 | B8: =IF(COUNTIFS(기록!$C$2:$C$61,"A 직접찾기",기록!$F$2:$F$61,A8)=0,"",COUNTIFS(기록!$C$2:$C$61,"A 직접찾기",기록!$F$2:$F$61,A8,기록!$M$2:$M$61,"O")/COUNTIFS(기록!$C$2:$C$61,"A 직접찾기",기록!$F$2:$F$61,A8)) | C8: =IF(COUNTIFS(기록!$C$2:$C$61,"B 시스템",기록!$F$2:$F$61,A8)=0,"",COUNTIFS(기록!$C$2:$C$61,"B 시스템",기록!$F$2:$F$61,A8,기록!$M$2:$M$61,"O")/COUNTIFS(기록!$C$2:$C$61,"B 시스템",기록!$F$2:$F$61,A8)) | D8: =IFERROR(AVERAGEIFS(기록!$J$2:$J$61,기록!$C$2:$C$61,"A 직접찾기",기록!$F$2:$F$61,A8,기록!$M$2:$M$61,"O"),"") | E8: =IFERROR(AVERAGEIFS(기록!$J$2:$J$61,기록!$C$2:$C$61,"B 시스템",기록!$F$2:$F$61,A8,기록!$M$2:$M$61,"O"),"")
A9: 순서·타이밍 | B9: =IF(COUNTIFS(기록!$C$2:$C$61,"A 직접찾기",기록!$F$2:$F$61,A9)=0,"",COUNTIFS(기록!$C$2:$C$61,"A 직접찾기",기록!$F$2:$F$61,A9,기록!$M$2:$M$61,"O")/COUNTIFS(기록!$C$2:$C$61,"A 직접찾기",기록!$F$2:$F$61,A9)) | C9: =IF(COUNTIFS(기록!$C$2:$C$61,"B 시스템",기록!$F$2:$F$61,A9)=0,"",COUNTIFS(기록!$C$2:$C$61,"B 시스템",기록!$F$2:$F$61,A9,기록!$M$2:$M$61,"O")/COUNTIFS(기록!$C$2:$C$61,"B 시스템",기록!$F$2:$F$61,A9)) | D9: =IFERROR(AVERAGEIFS(기록!$J$2:$J$61,기록!$C$2:$C$61,"A 직접찾기",기록!$F$2:$F$61,A9,기록!$M$2:$M$61,"O"),"") | E9: =IFERROR(AVERAGEIFS(기록!$J$2:$J$61,기록!$C$2:$C$61,"B 시스템",기록!$F$2:$F$61,A9,기록!$M$2:$M$61,"O"),"")
A10: 시각적 상태 | B10: =IF(COUNTIFS(기록!$C$2:$C$61,"A 직접찾기",기록!$F$2:$F$61,A10)=0,"",COUNTIFS(기록!$C$2:$C$61,"A 직접찾기",기록!$F$2:$F$61,A10,기록!$M$2:$M$61,"O")/COUNTIFS(기록!$C$2:$C$61,"A 직접찾기",기록!$F$2:$F$61,A10)) | C10: =IF(COUNTIFS(기록!$C$2:$C$61,"B 시스템",기록!$F$2:$F$61,A10)=0,"",COUNTIFS(기록!$C$2:$C$61,"B 시스템",기록!$F$2:$F$61,A10,기록!$M$2:$M$61,"O")/COUNTIFS(기록!$C$2:$C$61,"B 시스템",기록!$F$2:$F$61,A10)) | D10: =IFERROR(AVERAGEIFS(기록!$J$2:$J$61,기록!$C$2:$C$61,"A 직접찾기",기록!$F$2:$F$61,A10,기록!$M$2:$M$61,"O"),"") | E10: =IFERROR(AVERAGEIFS(기록!$J$2:$J$61,기록!$C$2:$C$61,"B 시스템",기록!$F$2:$F$61,A10,기록!$M$2:$M$61,"O"),"")
A12: 해석할 때 지킬 것
A13: · n=10 입니다. 조건당 30과제뿐이라 "유의하게 높다" 는 쓰지 마세요. "73% 대 90% 였다" 까지만 씁니다.
A14: · 시간은 성공한 과제만 평균 냅니다. 실패 건수는 따로 밝히세요.
A15: · 참가자가 친 첫 질의문은 실제 사용자 말투라, 다음 평가셋 질문으로 쓸 수 있습니다.
A16: · 불편 의견은 인용만 하고 세지 마세요(만족도 설문을 하지 말라는 것이 자문의 취지입니다).
